Date,Open,High,Low,Close,Volume
2015-10-07,16805.42,16963.3,16765,16912.29,115715728
2015-10-08,16904.17,17081.28,16859.34,17050.75,100736408
2015-10-09,17054.69,17110.88,17027.23,17084.49,103744760
2015-10-12,17082.29,17139.21,17064.58,17131.86,72502384
2015-10-13,17113.55,17172.81,17034.45,17081.89,99668080
2015-10-14,17079.08,17111.38,16887.67,16924.75,120115712
2015-10-15,16944.86,17144.42,16933.57,17141.75,122976992
2015-10-16,17141.75,17220.02,17107.35,17215.97,145905712
2015-10-19,17209.43,17235.95,17129.19,17230.54,118445104
2015-10-20,17228.47,17264.88,17147.99,17217.11,106690592
2015-10-21,17225.93,17314.99,17153.13,17168.61,107138912
2015-10-22,17180.88,17505.18,17180.88,17489.16,153220592
2015-10-23,17525.11,17679.37,17525.11,17646.7,158119920
2015-10-26,17649.57,17660.7,17602.51,17623.05,116719776
2015-10-27,17608.89,17635.18,17540.57,17581.43,116742560
2015-10-28,17586.69,17779.95,17556.71,17779.52,115657120
2015-10-29,17771.5,17786,17684.72,17755.8,90327648
2015-10-30,17756.6,17799.96,17662.87,17663.54,149375520
2015-11-02,17672.62,17845.9,17655.02,17828.76,100843920
2015-11-03,17819.74,17977.85,17796.02,17918.15,92324760
2015-11-04,17929.58,17964.12,17828.83,17867.58,99922288
2015-11-05,17871.25,17929.51,17779.19,17863.43,98912280
2015-11-06,17855.22,17912.04,17768.6,17910.33,107472408
2015-11-09,17900.78,17900.78,17667.78,17730.48,121239328
2015-11-10,17724.13,17768.66,17657.72,17758.21,108645816
2015-11-11,17769.5,17807.18,17696.91,17702.22,95234808
2015-11-12,17691.93,17691.93,17443.5,17448.07,113846688
2015-11-13,17439.25,17439.25,17238.89,17245.24,134706352
2015-11-16,17229.94,17483.01,17210.43,17483.01,137592432
2015-11-17,17486.99,17599.33,17451.41,17489.5,167195648
2015-11-18,17485.49,17752.16,17485.49,17737.16,106826520
2015-11-19,17739.83,17772.97,17681.98,17732.75,114647536
2015-11-20,17732.75,17914.34,17732.75,17823.81,153158640
2015-11-23,17823.61,17868.18,17751.53,17792.68,134683536
2015-11-24,17770.9,17862.6,17683.51,17812.19,127184632
2015-11-25,17820.81,17854.92,17801.83,17813.39,82551056
2015-11-27,17806.04,17830.36,17749.32,17798.49,46829488
2015-11-30,17802.84,17837.24,17719.79,17719.92,155590912
2015-12-01,17719.72,17895.5,17719.72,17888.35,103917288
2015-12-02,17883.14,17901.58,17708.2,17729.68,102860464
2015-12-03,17741.57,17780.59,17425.56,17477.67,127001400
2015-12-04,17482.68,17866.47,17482.68,17847.63,137655200
2015-12-07,17845.49,17845.49,17639.25,17730.51,99673496
2015-12-08,17703.99,17703.99,17485.39,17568,113723000
2015-12-09,17558.18,17767.69,17403.51,17492.3,122037392
2015-12-10,17493.17,17697.74,17474.66,17574.75,107316936
2015-12-11,17574.75,17574.75,17230.5,17265.21,134527920
2015-12-14,17277.11,17378.02,17138.47,17368.5,142546576
2015-12-15,17374.78,17627.63,17341.18,17524.91,123430720
2015-12-16,17530.85,17784.36,17483.68,17749.09,123794744
2015-12-17,17756.54,17796.76,17493.5,17495.84,115812528
2015-12-18,17495.04,17496.58,17124.31,17128.55,344599392
2015-12-21,17154.94,17272.36,17116.73,17251.62,114923208
2015-12-22,17253.55,17451.11,17242.86,17417.27,91571784
2015-12-23,17427.63,17607.92,17427.63,17602.61,92822752
2015-12-24,17593.26,17606.34,17543.95,17552.17,40348500
2015-12-28,17535.66,17536.9,17437.34,17528.27,59769996
2015-12-29,17547.37,17750.02,17547.37,17720.98,69858664
2015-12-30,17711.94,17714.13,17588.87,17603.87,59761008
2015-12-31,17590.66,17590.66,17421.16,17425.03,93717456
2016-01-04,17405.48,17405.48,16957.63,17148.94,148086160
2016-01-05,17147.5,17195.84,17038.61,17158.66,105776304
2016-01-06,17154.83,17154.83,16817.62,16906.51,120277408
2016-01-07,16888.36,16888.36,16463.63,16514.1,176387328
2016-01-08,16519.17,16651.89,16314.57,16346.45,141870704
2016-01-11,16358.71,16461.85,16232.03,16398.57,127810880
2016-01-12,16419.11,16591.35,16322.07,16516.22,117483392
2016-01-13,16526.63,16593.51,16123.2,16151.41,153555152
2016-01-14,16159.01,16482.05,16075.12,16379.05,158927776
2016-01-15,16354.33,16354.33,15842.11,15988.08,239270048
2016-01-19,16009.45,16171.96,15900.25,16016.02,144397520
2016-01-20,15989.45,15989.45,15450.56,15766.74,191876384
2016-01-21,15768.87,16038.59,15704.66,15882.68,145166176
2016-01-22,15921.1,16136.79,15921.1,16093.51,145876896
2016-01-25,16086.46,16086.46,15880.15,15885.22,123267712
2016-01-26,15893.16,16185.79,15893.16,16167.23,119502528
2016-01-27,16168.74,16235.03,15878.3,15944.46,138431424
2016-01-28,15960.28,16102.14,15863.72,16069.64,130651944
2016-01-29,16090.26,16466.3,16090.26,16466.3,217981376
2016-02-01,16453.63,16510.98,16299.47,16449.18,114464128
2016-02-02,16420.21,16420.21,16108.44,16153.54,126231064
2016-02-03,16186.2,16381.69,15960.45,16336.66,141877984
2016-02-04,16329.67,16485.84,16266.16,16416.58,131491944
2016-02-05,16417.95,16423.63,16129.81,16204.97,139024992
2016-02-08,16147.51,16147.51,15803.55,16027.05,165892704
2016-02-09,16005.41,16136.62,15881.11,16014.38,127739760
2016-02-10,16035.61,16201.89,15899.91,15914.74,122604352
2016-02-11,15897.82,15897.82,15503.01,15660.18,172078880
2016-02-12,15691.62,15974.04,15691.62,15973.84,132566416
2016-02-16,16012.39,16196.41,16012.39,16196.41,142042784
2016-02-17,16217.98,16486.12,16217.98,16453.83,124094656
2016-02-18,16483.76,16511.84,16390.43,16413.43,104960968
2016-02-19,16410.96,16410.96,16278,16391.99,134354640
2016-02-22,16417.13,16664.24,16417.13,16620.66,102245720
2016-02-23,16610.39,16610.39,16403.53,16431.78,98167376
2016-02-24,16418.84,16507.39,16165.86,16484.99,93666968
2016-02-25,16504.38,16697.98,16458.42,16697.29,94129856
2016-02-26,16712.7,16795.98,16623.91,16639.97,98491704
2016-02-29,16634.15,16726.12,16510.4,16516.5,126224808
2016-03-01,16545.67,16865.56,16545.67,16865.08,105053952
2016-03-02,16851.17,16900.17,16766.32,16899.32,104481208
2016-03-03,16896.17,16944.31,16820.73,16943.9,91123696
2016-03-04,16945,17062.38,16898.84,17006.77,106927408
2016-03-07,16991.29,17099.25,16940.48,17073.95,100297344
2016-03-08,17050.67,17072.79,16921.51,16964.1,108383352
2016-03-09,16969.17,17048.5,16947.94,17000.36,116695088
2016-03-10,17006.05,17130.11,16821.86,16995.13,117576032
2016-03-11,17014.99,17220.09,17014.99,17213.31,123436000
2016-03-14,17207.49,17275.07,17161.16,17229.13,96350576
2016-03-15,17217.15,17251.7,17120.35,17251.53,92833552
2016-03-16,17249.34,17379.18,17204.07,17325.76,118732824
2016-03-17,17321.38,17529.01,17297.65,17481.49,118004280
2016-03-18,17487.93,17620.58,17486.08,17602.3,321248576
2016-03-21,17589.7,17644.97,17551.28,17623.87,84409992
2016-03-22,17602.71,17648.94,17540.42,17582.57,95462096
2016-03-23,17588.81,17588.81,17486.27,17502.59,84238504
2016-03-24,17485.33,17517.14,17399.01,17515.73,84103104
2016-03-28,17526.08,17583.81,17493.03,17535.39,70463120
2016-03-29,17512.58,17642.81,17434.27,17633.11,86166176
2016-03-30,17652.36,17790.11,17652.36,17716.66,79334752
2016-03-31,17716.05,17755.7,17669.72,17685.09,102601440
2016-04-01,17661.74,17811.48,17568.02,17792.75,104925312
2016-04-04,17799.39,17806.38,17710.67,17737,85236760
2016-04-05,17718.03,17718.03,17579.56,17603.32,115225880
2016-04-06,17605.45,17723.55,17542.54,17716.05,99425440
2016-04-07,17687.28,17687.28,17484.23,17541.96,90130968
2016-04-08,17555.39,17694.51,17528.16,17576.96,79994240
2016-04-11,17586.48,17731.63,17555.9,17556.41,107111864
2016-04-12,17571.34,17744.43,17553.57,17721.25,81018048
2016-04-13,17741.66,17918.35,17741.66,17908.28,91710448
2016-04-14,17912.25,17962.14,17885.51,17926.43,84513696
2016-04-15,17925.95,17937.65,17867.41,17897.46,118193640
2016-04-18,17890.2,18009.53,17848.22,18004.16,89410040
2016-04-19,18012.1,18103.46,17984.43,18053.6,89923976
2016-04-20,18059.49,18167.63,18031.21,18096.27,100267016
2016-04-21,18092.84,18107.29,17963.89,17982.52,102843736
2016-04-22,17985.05,18026.85,17909.89,18003.75,134125288
2016-04-25,17990.94,17990.94,17855.55,17977.24,83770456
2016-04-26,17987.38,18043.77,17934.17,17990.32,92674112
2016-04-27,17996.14,18084.66,17920.26,18041.55,109131992
2016-04-28,18023.88,18035.73,17796.55,17830.76,100929104
2016-04-29,17813.09,17814.83,17651.98,17773.64,136684560
2016-05-02,17783.78,17912.35,17773.71,17891.16,80127080
2016-05-03,17870.75,17870.75,17670.88,17750.91,97076136
2016-05-04,17735.02,17738.06,17609.01,17651.26,95022480
2016-05-05,17664.48,17736.11,17615.82,17660.71,81533560
2016-05-06,17650.3,17744.54,17580.38,17740.63,80032288
2016-05-09,17743.85,17783.16,17668.38,17705.91,85600584
2016-05-10,17726.66,17934.61,17726.66,17928.35,75795032
2016-05-11,17919.03,17919.03,17711.05,17711.12,87401120
2016-05-12,17722.01,17798.19,17625.38,17720.5,88590728
2016-05-13,17711.12,17734.74,17512.48,17535.32,86656656
2016-05-16,17531.76,17755.8,17531.76,17710.71,88441136
2016-05-17,17701.46,17701.46,17469.92,17529.98,103263568
2016-05-18,17501.28,17636.22,17418.21,17526.62,79282448
2016-05-19,17514.16,17514.16,17331.07,17435.4,95532192
2016-05-20,17437.32,17571.75,17437.32,17500.94,112011944
2016-05-23,17507.04,17550.7,17480.05,17492.93,87792376
2016-05-24,17525.19,17742.59,17525.19,17706.05,86496160
2016-05-25,17735.09,17891.71,17735.09,17851.51,79192400
2016-05-26,17859.52,17888.66,17803.82,17828.29,68942776
2016-05-27,17826.85,17873.22,17824.73,17873.22,73219896
2016-05-31,17891.5,17899.24,17724.03,17787.2,147415952
2016-06-01,17754.55,17809.18,17664.79,17789.67,78538656
2016-06-02,17789.05,17838.56,17703.55,17838.56,75564072
2016-06-03,17799.8,17833.17,17689.68,17807.06,82290808
2016-06-06,17825.69,17949.68,17822.81,17920.33,71886480
2016-06-07,17936.22,18003.23,17936.22,17938.28,78762584
2016-06-08,17931.91,18016,17931.91,18005.05,71261896
2016-06-09,17969.98,18005.22,17915.88,17985.19,69687632
2016-06-10,17938.82,17938.82,17812.34,17865.34,90549184
2016-06-13,17830.5,17893.28,17731.35,17732.48,101700744
2016-06-14,17710.77,17733.92,17595.79,17674.82,93753640
2016-06-15,17703.65,17762.96,17629.01,17640.17,94147480
2016-06-16,17602.23,17754.91,17471.29,17733.1,91949264
2016-06-17,17733.44,17733.44,17602.78,17675.16,248724608
2016-06-20,17736.87,17946.36,17736.87,17804.87,99384640
2016-06-21,17827.33,17877.84,17799.8,17829.73,85200032
2016-06-22,17832.67,17920.16,17770.36,17780.83,89460072
2016-06-23,17844.11,18011.07,17844.11,18011.07,98139928
2016-06-24,17946.63,17946.63,17356.34,17400.75,239013312
2016-06-27,17355.21,17355.21,17063.08,17140.24,138755824
2016-06-28,17190.51,17409.72,17190.51,17409.72,112209080
2016-06-29,17456.02,17704.51,17456.02,17694.68,106378688
2016-06-30,17712.76,17930.61,17711.8,17929.99,133033352
2016-07-01,17924.24,18002.38,17916.91,17949.37,82178760
2016-07-05,17904.45,17904.45,17785.28,17840.62,103671712
2016-07-06,17807.47,17926.91,17713.45,17918.62,93003920
2016-07-07,17924.24,17984.95,17816.65,17895.88,81577176
2016-07-08,17971.22,18166.77,17971.22,18146.74,93463488
2016-07-11,18161.53,18283.9,18161.53,18226.93,80887408
2016-07-12,18259.12,18371.95,18259.12,18347.67,90229552
2016-07-13,18356.78,18390.16,18315.76,18372.12,80919024
2016-07-14,18414.3,18537.57,18414.3,18506.41,87063160
2016-07-15,18508.88,18557.43,18471.62,18516.55,123709016
2016-07-18,18521.55,18556.13,18489.84,18533.05,75546344
2016-07-19,18503.12,18562.53,18495.11,18559.01,85952824
2016-07-20,18582.7,18622.01,18555.65,18595.03,93292360
2016-07-21,18589.96,18590.44,18469.67,18517.23,86818656
2016-07-22,18524.15,18571.3,18491.59,18570.85,87718128
2016-07-25,18554.49,18555.69,18452.62,18493.06,76821696
2016-07-26,18497.37,18522.47,18387.22,18473.75,87391512
2016-07-27,18473.27,18542.39,18430.94,18472.17,111391224
2016-07-28,18461.01,18483.26,18368.82,18456.35,85806728
2016-07-29,18442.52,18466.55,18371.12,18432.24,111575536
2016-08-01,18434.5,18467.03,18355.75,18404.51,83474616
2016-08-02,18401.15,18403.65,18247.79,18313.77,89688592
2016-08-03,18313.08,18355,18283.23,18355,78571824
2016-08-04,18351.43,18397.87,18325.17,18352.05,64511692
2016-08-05,18402.8,18543.53,18402.8,18543.53,92425584
2016-08-08,18540.65,18569.31,18502.03,18529.29,71807280
2016-08-09,18538.05,18585.32,18507.75,18533.05,60093820
2016-08-10,18541.48,18561.75,18468.78,18495.66,62778144
2016-08-11,18519.08,18638.34,18519.08,18613.52,71478384
2016-08-12,18595.65,18606.06,18535.86,18576.47,61584832
2016-08-15,18588.59,18668.44,18588.59,18636.05,62365944
2016-08-16,18614.48,18614.86,18550.65,18552.02,67571400
2016-08-17,18537.09,18582.35,18468.68,18573.94,71015576
2016-08-18,18566.54,18600.82,18533.29,18597.7,70763480
2016-08-19,18585.17,18585.17,18491.24,18552.57,93169208
2016-08-22,18535.86,18570.92,18466.86,18529.42,73454184
2016-08-23,18568.94,18631.6,18545.52,18547.3,73988184
2016-08-24,18537.5,18539.15,18448.27,18481.48,72267968
2016-08-25,18471.21,18497.68,18431.46,18448.41,64482596
2016-08-26,18467.92,18572.09,18335.34,18395.4,78728000
2016-08-29,18421.29,18523.09,18419.92,18502.99,64482808
2016-08-30,18491.28,18514.29,18408.52,18454.3,68916112
2016-08-31,18436.7,18439.68,18333.56,18400.88,98255088
2016-09-01,18396.57,18430.05,18295.48,18419.3,74784608
2016-09-02,18466.01,18544.76,18439.1,18491.96,74357152
2016-09-06,18493.4,18551.54,18450.32,18538.12,83719656
2016-09-07,18527.71,18536.89,18474.77,18526.14,67589760
2016-09-08,18486.69,18506.24,18446.69,18479.91,79075296
2016-09-09,18404.17,18404.17,18085.45,18085.45,120710368
2016-09-12,18028.95,18358.69,17994.84,18325.07,103256048
2016-09-13,18262.99,18262.99,18028.06,18066.75,102831352
2016-09-14,18073.39,18163.48,17992.21,18034.77,103376152
2016-09-15,18024.91,18250.11,18015.49,18212.48,99565080
2016-09-16,18217.21,18217.21,18070.21,18123.8,278537728
2016-09-19,18154.82,18254.88,18093.05,18120.17,78088968
2016-09-20,18175.36,18227.21,18128.8,18129.96,72467008
2016-09-21,18164.96,18307.43,18121.57,18293.7,94106064
2016-09-22,18343.76,18449.88,18343.76,18392.46,73032224
2016-09-23,18377.36,18383.76,18254.84,18261.45,87187664
2016-09-26,18217.76,18217.76,18083.32,18094.83,95517808
2016-09-27,18099.21,18238.1,18052.16,18228.3,84127472
2016-09-28,18240.22,18349.86,18179.34,18339.24,97654288
2016-09-29,18322.88,18366.23,18091.64,18143.45,95890248
2016-09-30,18181.8,18369.62,18181.8,18308.15,135474896
2016-10-03,18279.6,18279.8,18203.75,18253.85,68516584
2016-10-04,18267.68,18313.77,18116.26,18168.45,79705832
2016-10-05,18205.5,18315.82,18205.5,18281.03,76210808
2016-10-06,18280.42,18288.12,18162.97,18268.5,78655568
2016-10-07,18295.35,18319.73,18149.35,18240.49,82685544
2016-10-10,18282.95,18399.96,18282.95,18329.04,72117904
2016-10-11,18308.43,18312.33,18061.96,18128.66,88619712
2016-10-12,18132.63,18193.96,18082.09,18144.2,72231920
2016-10-13,18088.32,18137.7,17959.95,18098.94,83156720
2016-10-14,18177.35,18261.11,18138.38,18138.38,87059440
2016-10-17,18135.85,18162.28,18063.02,18086.4,75966048
2016-10-18,18145.06,18225.8,18129.45,18161.94,75964608
2016-10-19,18178.21,18252.2,18169.25,18202.62,88050208
2016-10-20,18161.87,18249.05,18129.07,18162.35,88932248
2016-10-21,18152.63,18168.76,18049.77,18145.71,117844960
2016-10-24,18197.14,18275.04,18191.18,18223.03,88549496
2016-10-25,18206.52,18241.69,18151.7,18169.27,83831264
2016-10-26,18103.8,18236.04,18062.3,18199.33,86337456
2016-10-27,18234.81,18253.2,18149.2,18169.68,83562416
2016-10-28,18193.79,18257.06,18094.97,18161.19,107851384
2016-10-31,18176.6,18193.68,18130.58,18142.42,110087984
2016-11-01,18158.24,18177.01,17940.84,18037.1,101285680
2016-11-02,18017.72,18044.15,17931.89,17959.64,88656840
2016-11-03,17978.75,18006.96,17904.07,17930.67,77891416
2016-11-04,17928.35,17986.76,17883.56,17888.28,97772872
2016-11-07,17994.64,18263.3,17994.64,18259.6,93457512
2016-11-08,18251.38,18400.5,18200.75,18332.74,79851696
2016-11-09,18317.26,18650.06,18252.55,18589.69,173111104
2016-11-10,18603.14,18873.66,18603.14,18807.88,164399152
2016-11-11,18781.65,18855.78,18736.96,18847.66,107299776
2016-11-14,18876.77,18934.05,18815.75,18868.69,112258496
2016-11-15,18858.21,18925.26,18806.06,18923.06,100674432
2016-11-16,18909.85,18909.85,18825.89,18868.14,87417680
2016-11-17,18866.22,18904.03,18845.27,18903.82,89936360
2016-11-18,18905.33,18915.74,18853.83,18867.93,109896840
2016-11-21,18898.68,18960.76,18883.1,18956.69,80533336
2016-11-22,18970.39,19043.9,18962.82,19023.87,85313784
2016-11-23,19015.52,19083.76,19000.38,19083.18,77881016
2016-11-25,19093.72,19152.14,19093.72,19152.14,45897884
2016-11-28,19122.14,19138.72,19072.25,19097.9,88463176
2016-11-29,19064.07,19144.4,19062.22,19121.6,81511088
2016-11-30,19135.64,19225.29,19123.38,19123.58,164585040
2016-12-01,19149.2,19214.3,19138.79,19191.93,108805456
2016-12-02,19161.25,19196.14,19141.18,19170.42,84923904
2016-12-05,19244.35,19274.85,19186.73,19216.24,92689240
2016-12-06,19219.91,19255.89,19184.74,19251.78,77807744
2016-12-07,19241.99,19558.42,19229.83,19549.62,112146528
2016-12-08,19559.94,19664.97,19527.83,19614.81,89787984
2016-12-09,19631.35,19757.74,19623.19,19756.85,91809664
2016-12-12,19770.2,19824.59,19747.74,19796.43,99770560
2016-12-13,19852.21,19953.75,19846.45,19911.21,99395256
2016-12-14,19876.13,19966.43,19748.67,19792.53,113293648
2016-12-15,19811.5,19951.29,19811.5,19852.24,93316328
2016-12-16,19909.01,19923.17,19821,19843.41,263537808
2016-12-19,19836.66,19917.78,19832.95,19883.06,85520704
2016-12-20,19920.59,19987.63,19920.42,19974.62,80816232
2016-12-21,19968.97,19986.56,19941.96,19941.96,71714688
2016-12-22,19922.68,19933.83,19882.19,19918.88,78050320
2016-12-23,19908.61,19934.15,19899.06,19933.81,47038200
2016-12-27,19943.46,19980.24,19939.8,19945.04,49056616
2016-12-28,19964.31,19981.11,19827.31,19833.68,58764280
2016-12-29,19835.46,19878.44,19788.94,19819.78,52675576
2016-12-30,19833.17,19852.55,19718.67,19762.6,103790112
2017-01-03,19872.86,19938.53,19775.93,19881.76,99921304
2017-01-04,19890.94,19956.14,19878.83,19942.16,81182120
2017-01-05,19924.56,19948.6,19811.12,19899.29,72358912
2017-01-06,19906.96,19999.63,19834.08,19963.8,75691024
2017-01-09,19931.41,19943.78,19887.38,19887.38,84808840
2017-01-10,19876.35,19957.12,19836.03,19855.53,91544736
2017-01-11,19887.38,19973.42,19833.16,19954.28,91098040
2017-01-12,19926.21,19929.29,19770.47,19891,77018792
2017-01-13,19912.54,19952.03,19849.38,19885.73,74988296
2017-01-17,19848.82,19882.99,19775.35,19826.77,95360448
2017-01-18,19822.73,19828.2,19739,19804.72,74543184
2017-01-19,19813.55,19824.14,19677.94,19732.4,79208256
2017-01-20,19795.06,19843.94,19759.14,19827.25,145548752
2017-01-23,19794.79,19833.98,19732.36,19799.85,82630088
2017-01-24,19794.68,19949.24,19786.71,19912.71,88955792
2017-01-25,19994.48,20082,19994.48,20068.51,91337832
2017-01-26,20076.25,20125.58,20067.53,20100.91,91055040
2017-01-27,20103.36,20115.97,20072.64,20093.78,84090672
2017-01-30,20028.62,20028.62,19870.39,19971.13,86086904
2017-01-31,19913.16,19918.17,19784.77,19864.09,108031464
2017-02-01,19923.81,19967.73,19845.99,19890.94,107265440
2017-02-02,19858.34,19922.75,19831.09,19884.91,89135136
2017-02-03,19964.21,20081.48,19964.21,20071.46,88342256
2017-02-06,20025.61,20094.95,20002.81,20052.42,74700160
2017-02-07,20107.62,20155.35,20068.68,20090.29,69873408
2017-02-08,20049.29,20068.28,20015.33,20054.34,70684424
2017-02-09,20061.73,20206.36,20061.73,20172.4,87837168
2017-02-10,20211.23,20298.21,20204.76,20269.37,83163808
2017-02-13,20338.54,20441.48,20322.95,20412.2,84375328
2017-02-14,20374.22,20504.41,20374.02,20504.41,89039448
2017-02-15,20504.27,20620.45,20496.03,20611.86,98434944
2017-02-16,20627.31,20639.87,20556.83,20619.77,91758152
2017-02-17,20564.13,20624.05,20532.61,20624.05,122560864
2017-02-21,20663.43,20757.64,20663.37,20743,92961768
2017-02-22,20715.41,20781.59,20692.39,20775.6,84353744
2017-02-23,20817.21,20840.7,20746.41,20810.32,79939096
2017-02-24,20751.91,20821.76,20733.95,20821.76,88863568
2017-02-27,20808.71,20851.33,20774.76,20837.44,71184000
2017-02-28,20833.88,20841.24,20781.21,20812.24,111104616
2017-03-01,20957.29,21169.11,20957.29,21115.55,106042632
2017-03-02,21128.91,21129.2,20996.61,21002.97,83352968
2017-03-03,21008.75,21039.96,20953.86,21005.71,75137728
2017-03-06,20955.71,20986.43,20912.11,20954.34,79610408
2017-03-07,20934.89,20970.54,20901.26,20924.76,72663144
2017-03-08,20940.44,20951.44,20835.58,20855.73,88717920
2017-03-09,20864.32,20900.57,20777.16,20858.19,76664336
2017-03-10,20919.01,20940.29,20827.66,20902.98,86041760
2017-03-13,20899.28,20926.06,20845.71,20881.48,77941888
2017-03-14,20848.6,20874,20786.31,20837.37,65804868
2017-03-15,20874.78,20977.47,20859.6,20950.1,80396000
2017-03-16,20969.27,21000.11,20893.5,20934.55,73976032
2017-03-17,20965.37,20980.51,20911.07,20914.62,296221792
2017-03-20,20916.27,20955.45,20885.7,20905.86,69360576
2017-03-21,20956.33,20970.04,20653.26,20668.01,96246192
2017-03-22,20640.42,20686.21,20578.95,20661.3,90625056
2017-03-23,20645.07,20757.89,20618.62,20656.58,78993192
2017-03-24,20674.45,20718.33,20529.67,20596.72,91647592
2017-03-27,20488.35,20578.46,20412.8,20550.98,79802256
2017-03-28,20542.14,20735.61,20520.1,20701.5,83845360
2017-03-29,20675.75,20684.73,20625.03,20659.32,60501624
2017-03-30,20662.79,20753.78,20643.6,20728.49,74638304
2017-03-31,20700.34,20722.59,20660.68,20663.22,105913168
2017-04-03,20665.17,20692.34,20517.82,20650.21,85862456
2017-04-04,20634.94,20701.29,20605.3,20689.24,63255164
2017-04-05,20745.06,20887.5,20639.55,20648.15,75466264
2017-04-06,20653.77,20746.46,20612.17,20662.95,76215256
2017-04-07,20647.81,20726.07,20606.95,20656.1,62225076
2017-04-10,20668.22,20750.33,20614.86,20658.02,62838140
2017-04-11,20644.32,20660.03,20512.56,20651.3,66539608
2017-04-12,20637.95,20642.54,20553.03,20591.86,73116584
2017-04-13,20561.69,20612.27,20453.25,20453.25,66566092
2017-04-17,20484.75,20644.41,20484.75,20636.92,64131296
2017-04-18,20561.39,20600.12,20462.28,20523.28,65847940
2017-04-19,20503.52,20546.69,20379.55,20404.49,76765288
2017-04-20,20406.68,20629.78,20406.68,20578.71,85269744
2017-04-21,20578.1,20601.4,20505.33,20547.76,114289664
2017-04-24,20723.59,20792.2,20723.59,20763.89,87743888
2017-04-25,20915.51,21026.97,20909.38,20996.12,87068320
2017-04-26,21009.95,21070.9,20972.27,20975.09,84915088
2017-04-27,20991.12,21005.8,20935.8,20981.33,78967744
2017-04-28,20987.39,20987.76,20926.75,20940.51,95038120
2017-05-01,20962.73,20976.62,20898.38,20913.46,78619408
2017-05-02,20941.19,20960.92,20904.06,20949.89,91324696
2017-05-03,20915,20972.74,20874.18,20957.9,82426728
2017-05-04,20987.83,20990.79,20847.95,20951.47,73235344
2017-05-05,20929.04,21006.94,20905,21006.94,69554912
2017-05-08,20991.26,21017.89,20971.05,21012.28,79476032
2017-05-09,21022.28,21046.85,20938.04,20975.78,72595864
2017-05-10,20958.49,20976.28,20884.15,20943.11,71569888
2017-05-11,20925.72,20933.36,20798.9,20919.42,78624136
2017-05-12,20893.19,20916.1,20869.74,20896.61,75784136
2017-05-15,20923.63,21000.83,20923.63,20981.94,88617008
2017-05-16,20984.48,21033.53,20932.88,20979.75,75838712
2017-05-17,20846.17,20846.17,20601.08,20606.93,113641960
2017-05-18,20579.65,20759.2,20553.45,20663.02,109612120
2017-05-19,20698.28,20857.13,20687.94,20804.84,127292944
2017-05-22,20867.77,20914.26,20860.16,20894.83,78184464
2017-05-23,20908.67,20961.14,20896.22,20937.91,65564112
2017-05-24,20949.21,21022.82,20933.58,21012.42,73849528
2017-05-25,21062.96,21112.32,21051.41,21082.95,67988328
2017-05-26,21070.15,21092.82,21050.49,21080.28,56526068
2017-05-30,21045.49,21063.62,21009.6,21029.47,65408856
2017-05-31,21048.46,21051.7,20942.57,21008.65,135215376
2017-06-01,21030.55,21144.18,20994.22,21144.18,76950608
2017-06-02,21142.09,21225.04,21129.56,21206.29,96353776
2017-06-05,21195.03,21224.41,21168.69,21184.04,65856332
2017-06-06,21145.48,21180.47,21118.46,21136.23,79186592
2017-06-07,21171.57,21189.84,21113.31,21173.69,80769608
2017-06-08,21169.76,21265.69,21138.16,21182.53,96877968
2017-06-09,21208.96,21305.35,21159.45,21271.97,120385848
2017-06-12,21259.95,21277.08,21186.15,21235.67,135223008
2017-06-13,21256.83,21332.77,21256.83,21328.47,89255192
2017-06-14,21342.71,21391.97,21294.09,21374.56,83202464
2017-06-15,21291.69,21367.28,21261.87,21359.9,87151632
2017-06-16,21335.93,21384.42,21308.01,21384.28,288559840
2017-06-19,21444.75,21528.99,21436.08,21528.99,88364704
2017-06-20,21521.25,21535.03,21464.24,21467.14,83752008
2017-06-21,21466.39,21492.62,21390,21410.03,77553288
2017-06-22,21407.98,21456.47,21394.81,21397.29,78152248
2017-06-23,21380.92,21421.79,21333.89,21394.76,143179792
2017-06-26,21434.68,21506.21,21381.25,21409.55,68340344
2017-06-27,21411.19,21440.6,21310.66,21310.66,84487632
2017-06-28,21372.36,21478.75,21372.36,21454.61,76134408
2017-06-29,21487.38,21487.38,21197.08,21287.03,96138744
2017-06-30,21348.6,21426.12,21325.08,21349.63,100731784
2017-07-03,21392.3,21562.75,21391.71,21479.27,57803632
2017-07-05,21492.83,21505.36,21404.76,21478.17,79561424
2017-07-06,21423.93,21433.1,21305.38,21320.04,88100928
2017-07-07,21354.66,21425.82,21350.72,21414.34,72678784
2017-07-10,21381.23,21446.39,21371.11,21408.52,72627776
2017-07-11,21410.17,21441.62,21279.3,21409.07,70282976
2017-07-12,21467.93,21580.79,21467.93,21532.14,81783272
2017-07-13,21537.19,21568.72,21512.36,21553.09,69468632
2017-07-14,21532.77,21681.53,21521.72,21637.74,66008224
2017-07-17,21633.97,21661.81,21617.66,21629.72,70534032
2017-07-18,21589.94,21589.94,21471.14,21574.73,63976184
2017-07-19,21569.25,21640.75,21565.84,21640.75,69055776
2017-07-20,21641.54,21661.91,21576.96,21611.78,85281760
2017-07-21,21591.72,21592.61,21503.78,21580.07,109708544
2017-07-24,21577.78,21577.78,21496.13,21513.17,88378704
2017-07-25,21638.56,21670.62,21577.37,21613.43,83556792
2017-07-26,21690.38,21742.7,21683.29,21711.01,70726000
2017-07-27,21717.42,21798.47,21687.85,21796.55,111254848
2017-07-28,21787.51,21841.18,21756.12,21830.31,72970192
2017-07-31,21863.39,21929.8,21861.71,21891.12,103845792
2017-08-01,21961.42,21990.96,21940.81,21963.92,81196352
2017-08-02,22004.36,22036.1,21967.46,22016.24,89832472
2017-08-03,22007.58,22044.85,21991.32,22026.1,71271056
2017-08-04,22058.39,22092.81,22024.64,22092.81,73643272
2017-08-07,22100.2,22121.15,22081.97,22118.42,59559020
2017-08-08,22095.14,22179.11,22057.29,22085.34,67845640
2017-08-09,22022.34,22057.19,21996.69,22048.7,70957104
2017-08-10,21988.2,21988.2,21843.94,21844.01,85167168
2017-08-11,21883.32,21911.09,21842.74,21858.32,69862728
2017-08-14,21945.64,22019.23,21945.64,21993.71,70864824
2017-08-15,22029.91,22038.92,21971.48,21998.99,67615112
2017-08-16,22031.93,22085.71,22002.47,22024.87,77187344
2017-08-17,21984.74,21984.74,21750.32,21750.73,95965912
2017-08-18,21724.88,21793.35,21641.63,21674.51,103641784
2017-08-21,21671.36,21718.74,21600.34,21703.75,85502752
2017-08-22,21739.78,21912.83,21738.13,21899.89,71556952
2017-08-23,21850.27,21866.66,21808.39,21812.09,68867400
2017-08-24,21839.9,21870.11,21765.82,21783.4,67719336
2017-08-25,21819.08,21906.86,21812.81,21813.67,63934272
2017-08-28,21832.5,21861.49,21767.94,21808.4,69204944
2017-08-29,21718,21879.22,21673.58,21865.37,64586520
2017-08-30,21859.76,21914.26,21839.47,21892.43,73008280
2017-08-31,21936.01,21985.76,21910.5,21948.1,131658352
2017-09-01,21981.77,22038.97,21974.91,21987.56,71060728
2017-09-05,21912.37,21921.09,21709.63,21753.31,90507776
2017-09-06,21815.76,21849.24,21794.07,21807.64,89896832
2017-09-07,21820.38,21850.01,21745.71,21784.78,84964544
2017-09-08,21764.43,21846.63,21731.12,21797.79,77327648
2017-09-11,21927.79,22067.1,21927.79,22057.37,90501048
2017-09-12,22090.56,22134.57,22087.09,22118.86,96089176
2017-09-13,22103.47,22158.18,22095.79,22158.18,78255920
2017-09-14,22144.96,22216.44,22135.26,22203.48,84161896
2017-09-15,22252.44,22275.02,22214.52,22268.34,276388928
2017-09-18,22297.92,22355.62,22283.35,22331.35,81321488
2017-09-19,22349.7,22386.01,22340.71,22370.8,80954800
2017-09-20,22351.38,22413.26,22314.68,22412.59,93616064
2017-09-21,22414.02,22419.51,22356.55,22359.23,80255744
2017-09-22,22334.07,22364.31,22299.58,22349.59,84573792
2017-09-25,22320.47,22359.88,22219.11,22296.09,102604968
2017-09-26,22322.03,22369.35,22279.52,22284.32,79997888
2017-09-27,22330.93,22371.1,22254.93,22340.71,93009424
2017-09-28,22306.83,22394.74,22288.97,22381.2,75651648
2017-09-29,22358.47,22405.63,22332.96,22405.09,88016512
2017-10-02,22423.47,22559.38,22416,22557.6,74048120
2017-10-03,22564.45,22646.32,22562.9,22641.67,60991248
2017-10-04,22645.67,22685.94,22632.8,22661.64,66049748
2017-10-05,22669.08,22777.04,22655.14,22775.39,66902248
2017-10-06,22762.03,22773.67,22730.85,22773.67,63604172
2017-10-09,22779.73,22803.37,22739.38,22761.07,74918584
2017-10-10,22784.76,22850.51,22770.99,22830.68,78343496
2017-10-11,22827.65,22872.89,22821.66,22872.89,86708128
2017-10-12,22854.85,22884.82,22821.13,22841.01,76255584
2017-10-13,22876.43,22905.33,22855.93,22871.72,74683112
2017-10-16,22892.92,22960.12,22887.12,22956.96,64929120
2017-10-17,22952.41,23002.2,22948.23,22997.44,65931468
2017-10-18,23087.13,23172.93,23086.75,23157.6,64837552
2017-10-19,23107.47,23167.24,23052.67,23163.04,86222768
2017-10-20,23205.18,23328.84,23201.78,23328.63,128229232
2017-10-23,23348.95,23368.37,23273.96,23273.96,109474336
2017-10-24,23346.78,23485.25,23343.23,23441.76,88155504
2017-10-25,23431.09,23451.51,23251.11,23329.46,102606224
2017-10-26,23380.89,23459.84,23380.89,23400.86,89231720
2017-10-27,23419.16,23449.4,23353.16,23434.19,127750248
2017-10-30,23405.75,23428.75,23327.87,23348.74,107582208
2017-10-31,23369.22,23406.35,23334.39,23377.24,110803456
2017-11-01,23442.9,23517.71,23388.91,23435.01,90304176
2017-11-02,23463.24,23531.38,23350.98,23516.26,87301864
2017-11-03,23549.59,23557.06,23481.57,23539.19,78599064
2017-11-06,23533.96,23574.86,23520.75,23548.42,87854528
2017-11-07,23574.03,23602.12,23484.19,23557.23,76931408
2017-11-08,23542.6,23575,23510.56,23563.36,72774608
2017-11-09,23492.09,23516.74,23310.02,23461.94,79675824
2017-11-10,23432.71,23452.2,23392.96,23422.21,88393136
2017-11-13,23367.47,23461.68,23343.34,23439.7,109022184
2017-11-14,23388.4,23414.08,23271.57,23409.47,123259752
2017-11-15,23334.59,23344.99,23242.75,23271.28,97854296
2017-11-16,23365.34,23492.19,23365.34,23458.36,93734208
2017-11-17,23433.77,23433.77,23356.01,23358.24,106204512
2017-11-20,23370.71,23456.88,23360.58,23430.33,80004992
2017-11-21,23500.15,23617.8,23500.15,23590.83,92484576
2017-11-22,23597.24,23605.77,23507.61,23526.18,71066720
2017-11-24,23552.75,23599.18,23551.59,23557.99,36736260
2017-11-27,23552.86,23638.92,23545.02,23580.78,84998832
2017-11-28,23625.19,23849.61,23617.11,23836.71,87841728
2017-11-29,23883.26,23959.76,23872.59,23940.68,105143960
2017-11-30,24013.8,24327.82,24013.8,24272.35,169737200
2017-12-01,24305.4,24322.06,23921.9,24231.59,123385088
2017-12-04,24424.11,24534.04,24288.19,24290.05,117002352
2017-12-05,24335.01,24349.74,24155.28,24180.64,111255472
2017-12-06,24171.9,24229.35,24134.49,24140.91,94424800
2017-12-07,24116.6,24262.88,24101.24,24211.48,85456936
2017-12-08,24263.26,24330.12,24225.5,24329.16,81472216
2017-12-11,24338.11,24389.72,24314.74,24386.03,84768184
2017-12-12,24452.96,24552.97,24443.83,24504.8,102133696
2017-12-13,24525.19,24666.02,24518.3,24585.43,93784376
2017-12-14,24631.01,24672.48,24508.66,24508.66,84753592
2017-12-15,24585.71,24688.62,24584.44,24651.74,317292512
2017-12-18,24739.56,24876.07,24739.56,24792.2,107452160
2017-12-19,24834.38,24850.11,24715.6,24754.75,99474688
2017-12-20,24838.09,24852.44,24697.11,24726.65,99104128
2017-12-21,24778.26,24850.91,24766.27,24782.29,101366032
2017-12-22,24764.04,24784.15,24717.51,24754.06,78610392
2017-12-26,24715.84,24778.13,24708.42,24746.21,59958120
2017-12-27,24766.52,24789.52,24731.68,24774.3,60501912
2017-12-28,24807.21,24839.23,24797.13,24837.51,50944696
2017-12-29,24849.63,24871.66,24719.22,24719.22,99506544
2018-01-02,24809.35,24864.19,24741.7,24824.01,93837856
2018-01-03,24850.45,24941.92,24825.55,24922.68,113120472
2018-01-04,24964.86,25105.96,24963.27,25075.13,101492432
2018-01-05,25114.92,25299.79,25112.01,25295.87,99171640
2018-01-08,25308.4,25311.99,25235.41,25283,97611920
2018-01-09,25312.05,25439.78,25308.41,25385.8,88515640
2018-01-10,25348.13,25404.92,25256.99,25369.13,88364144
2018-01-11,25398.6,25575.42,25396.19,25574.73,90362032
2018-01-12,25638.39,25810.43,25633.08,25803.19,103878720
2018-01-16,25987.62,26086.12,25702.99,25792.86,171084224
2018-01-17,25910.78,26130.45,25865.02,26115.65,133700112
2018-01-18,26149.55,26153.42,25947.32,26017.81,122449616
2018-01-19,25987.35,26071.72,25942.83,26071.72,171541424
2018-01-22,26025.32,26215.23,25974.65,26214.6,126357768
2018-01-23,26214.87,26246.19,26143.9,26210.81,109272288
2018-01-24,26282.07,26392.8,26106.94,26252.12,123271104
2018-01-25,26313.06,26458.25,26259.72,26392.79,95732448
2018-01-26,26466.74,26616.71,26425.35,26616.71,123610888
2018-01-29,26584.28,26608.9,26435.34,26439.48,110919888
2018-01-30,26198.45,26256.99,26028.42,26076.89,111840144
2018-01-31,26268.17,26338.03,26050.98,26149.39,140120144
2018-02-01,26083.04,26306.7,26014.44,26186.71,111586352
2018-02-02,26061.79,26061.79,25490.66,25520.96,140879408
2018-02-05,25337.87,25520.53,23923.88,24345.75,210835440
2018-02-06,24085.17,24946.23,23778.74,24912.77,231326304
2018-02-07,24892.87,25293.96,24785.44,24893.35,146600464
2018-02-08,24902.3,24903.68,23849.23,23860.46,179770672
2018-02-09,23992.67,24382.14,23360.29,24190.9,198760880
2018-02-12,24337.76,24765.16,24290.48,24601.27,149693824
2018-02-13,24540.33,24705.72,24421.03,24640.45,99077712
2018-02-14,24535.82,24925.95,24490.36,24893.49,114401024
2018-02-15,25047.82,25203.95,24809.42,25200.37,110581240
2018-02-16,25165.94,25432.42,25149.26,25219.38,127026632
2018-02-20,25124.91,25179.01,24884.19,24964.75,103980552
2018-02-21,24988.06,25267.99,24792.99,24797.78,124434712
2018-02-22,24855.41,25156.72,24854.83,24962.48,96386776
2018-02-23,25050.51,25313.91,25028.73,25309.99,91399808
2018-02-26,25403.35,25732.8,25398.56,25709.27,123397944
2018-02-27,25735.78,25800.35,25407.83,25410.03,119203008
2018-02-28,25485.15,25576.15,25022.42,25029.2,135532448
2018-03-01,25024.04,25185.35,24442.56,24608.98,135695648
2018-03-02,24394.91,24592.46,24217.76,24538.06,120190200
2018-03-05,24471.31,24961,24387.15,24874.76,105004560
2018-03-06,24965.89,24995.24,24708.41,24884.12,93405184
2018-03-07,24758.15,24849.68,24535.12,24801.36,102300008
2018-03-08,24853.41,24950.49,24703.05,24895.21,88846864
2018-03-09,25004.89,25336.33,25004.89,25335.74,102187552
2018-03-12,25372.44,25449.15,25152.02,25178.61,99533760
2018-03-13,25257.75,25376.4,24947.5,25007.03,110511776
2018-03-14,25086.97,25130.12,24668.83,24758.12,102684624
2018-03-15,24837.29,25053.87,24753.29,24873.66,90799352
2018-03-16,24877.34,25031,24857.09,24946.51,349358784
2018-03-19,24893.69,24893.69,24453.14,24610.91,115809088
2018-03-20,24650.64,24803.61,24650.64,24727.27,95064184
2018-03-21,24723.49,24977.65,24655.4,24682.31,97199392
2018-03-22,24526.01,24526.01,23938.74,23957.89,125157352
2018-03-23,23995.18,24108.47,23509.06,23533.2,140958256
2018-03-26,23825.74,24232.3,23741.22,24202.6,143708176
2018-03-27,24276.62,24446.22,23708.73,23857.71,143578704
2018-03-28,23883.08,24092.47,23728.67,23848.42,144364304
2018-03-29,23949.18,24314.3,23928.13,24103.11,164787520
2018-04-02,24076.6,24123.8,23344.52,23644.19,154073104
2018-04-03,23698.33,24044.35,23664.33,24033.36,115983168
2018-04-04,23654.15,24308.96,23523.16,24264.3,113330128
2018-04-05,24313.91,24622.26,24313.91,24505.22,100243040
2018-04-06,24373.6,24434.4,23738.2,23932.76,116689928
2018-04-09,24037.52,24373.18,23954.83,23979.1,117434656
2018-04-10,24198.95,24511.35,24198.95,24408,109322408
2018-04-11,24274.19,24366.57,24150.87,24189.45,78547768
2018-04-12,24302.82,24592.12,24302.82,24483.05,94168456
2018-04-13,24582.82,24646.45,24243.74,24360.14,85816528
2018-04-16,24483.15,24675.36,24480.2,24573.04,85438152
2018-04-17,24681.79,24858.97,24681.79,24786.63,87219104
2018-04-18,24820.85,24832.54,24721.09,24748.07,77454816
2018-04-19,24711.3,24762.48,24557.03,24664.89,99210024
2018-04-20,24657.39,24678.07,24375.04,24462.94,160586400
2018-04-23,24488.07,24536.89,24328.54,24448.69,104562160
2018-04-24,24579.94,24579.94,23828.73,24024.13,122367992
2018-04-25,24070.2,24146.34,23823.08,24083.83,114897536
2018-04-26,24128.72,24402.46,24128.72,24322.34,107519368
2018-04-27,24342.14,24359.38,24194.45,24311.19,97712952
2018-04-30,24410.41,24498.23,24163.08,24163.15,127068496
2018-05-01,24117.29,24117.29,23808.19,24099.05,99079536
2018-05-02,24097.63,24185.52,23886.3,23924.98,105000072
2018-05-03,23836.23,23996.15,23531.31,23930.15,111490712
2018-05-04,23865.22,24333.35,23778.87,24262.51,93759520
2018-05-07,24317.66,24479.45,24263.42,24357.32,81305952
2018-05-08,24341.35,24412.34,24198.34,24360.21,94052520
2018-05-09,24399.18,24586.48,24323.87,24542.54,92958016
2018-05-10,24591.66,24794.99,24575.91,24739.53,81118512
2018-05-11,24758.64,24868.65,24717.5,24831.17
